ef94ec28-76ab-11ec-9d13-c46516e9415e.jpg,[]
f275a38d-76ab-11ec-ac01-c46516e9415e.jpg,['Ka 64 n 0099']
f5514bcb-76ab-11ec-b136-c46516e9415e.jpg,['Ka 64 n 0099']
f8e12f91-76ab-11ec-9241-c46516e9415e.jpg,['MAH 41']
fbb67b4b-76ab-11ec-9929-c46516e9415e.jpg,[]
fe886123-76ab-11ec-bc12-c46516e9415e.jpg,[]
019a66fd-76ac-11ec-8fa8-c46516e9415e.jpg,[]
048dc66d-76ac-11ec-9036-c46516e9415e.jpg,['KSSC 124']
077ea184-76ac-11ec-885b-c46516e9415e.jpg,[]
0b5500d7-76ac-11ec-9dd2-c46516e9415e.jpg,['SAv335c0']
0e516bb3-76ac-11ec-b8b2-c46516e9415e.jpg,['SA335c0']
11f9b2e9-76ac-11ec-a8d4-c46516e9415e.jpg,"['""370B4']"
15207272-76ac-11ec-9d8c-c46516e9415e.jpg,['BLp370B']
181055df-76ac-11ec-96c7-c46516e9415e.jpg,['0370BC']
1b1ca6f7-76ac-11ec-a258-c46516e9415e.jpg,[]
20691571-76ac-11ec-a3d9-c46516e9415e.jpg,[]
239d8b21-76ac-11ec-9b4d-c46516e9415e.jpg,[]
2669aa93-76ac-11ec-bb2d-c46516e9415e.jpg,[]
296d62c7-76ac-11ec-a1cf-c46516e9415e.jpg,[]
